{"metadata": {"T1": 2e-06, "T2": 1e-06, "sigma": 1e-09, "eps0": 31415926535.89793, "t_max": 9.999999999999999e-06}, "data": {"x": [-60000000.0, -53684210.52631579, -47368421.05263158, -41052631.578947365, -34736842.10526316, -28421052.63157895, -22105263.157894738, -15789473.684210524, -9473684.210526317, -3157894.7368421108, 3157894.7368421033, 9473684.210526317, 15789473.684210524, 22105263.15789473, 28421052.631578952, 34736842.10526316, 41052631.578947365, 47368421.05263157, 53684210.52631578, 60000000.0], "y": [0.0, 628318530.7179586, 1256637061.4359171, 1884955592.1538758, 2513274122.8718343], "matrix": [[0.0, 0.0, 0.0, 0.0, 0.0, 0.0, 0.0, 0.0, 0.0, 0.0, 0.0, 0.0, 0.0, 0.0, 0.0, 0.0, 0.0, 0.0, 0.0, 0.0], [0.04301518577107763, 0.04517032782085577, 0.047539316125426986, 0.050150552161785746, 0.05307649685903957, 0.056250435298179496, 0.05970125404764291, 0.0633266961096597, 0.06651821112880671, 0.06513925500816815, 0.06539844728156238, 0.06626827734708109, 0.06303673691681055, 0.05938711876041654, 0.056002887311187584, 0.05286665440035823, 0.0500068676712709, 0.04741695618814671, 0.04504409909200934, 0.042888015920499], [0.03098214069333767, 0.029263447675684066, 0.027084531469392232, 0.024512839275873482, 0.021297755867487472, 0.01763884277296752, 0.013677665604465612, 0.010294854762178387, 0.011637529710826435, 0.0372573566206569, 0.03706187290431328, 0.011691702204302244, 0.010217330772489625, 0.013417298730005254, 0.01740069978236343, 0.020842788702913805, 0.02410251474447931, 0.02657818081365277, 0.02873440965215436, 0.030559580528256407], [0.0036693417252512306, 0.004400837182684971, 0.0053037883165922665, 0.007149611505804733, 0.009890130859408094, 0.013725119203378829, 0.018970593877842126, 0.025096260441774133, 0.0303933105773164, 0.04025527833287797, 0.039918728074010715, 0.031078580843010666, 0.0254463680954346, 0.01941675799962211, 0.014336837300838845, 0.010566867698721633, 0.0076795399099067845, 0.005366651022255691, 0.004382173376654684, 0.003674384073844139], [0.010204264907230027, 0.011266313301753698, 0.011614107182808682, 0.012094559869203242, 0.01239883925595392, 0.012656407477968062, 0.013823464348333831, 0.01686089893328601, 0.026908260488238217, 0.05459948344883099, 0.05198454506149649, 0.02555328225115922, 0.016106051749700884, 0.01351849247159058, 0.012921405954332, 0.012717051423720245, 0.012444787615847587, 0.011972845682295919, 0.01167203630457116, 0.010881357432775497]]}}